[
    {
      "company": "Adani Power",
      "price": "₹129 - ₹136",
      "open": "2024-06-03",
      "close": "2024-06-05",
      "size": "130.15 Cr.",
      "type": "Book Built",
      "listing": "2024-06-10",
      "status": "Ongoing"
    },
    {
      "company": "VBL LTD",
      "price": "₹129 - ₹136",
      "open": "2024-06-03",
      "close": "2024-06-05",
      "size": "130.15 Cr.",
      "type": "Book Built",
      "listing": "2024-06-10",
      "status": "Coming"
    },
    {
      "company": "Tata Motor",
      "price": "₹129 - ₹136",
      "open": "2024-06-03",
      "close": "2024-06-05",
      "size": "130.15 Cr.",
      "type": "Book Built",
      "listing": "2024-06-10",
      "status": "New Listed"
    }
  ]
  